"Timestamp","Who are you?","What's your PIN?","Who'll win the Golden Boot?
The Golden Boot is awarded to the player with the most goals during the tournament. Should there be a shared boot at the end of the tournament, you'll score 5 points for any of the players sharing the boot.","Who'll win the Golden Ball?
The Golden Ball is awarded to the player voted as the best player of the tournament.","Who'll win the Golden Glove?
The Golden Glove is awarded to the player voted as the best goalkeeper of the tournament.","Who'll win the Best Young Player award?
The Best Young Player award is awarded to a player who is under 21 at the start of the calendar year.","Group A","Group B","Group C","Group D","Group E","Group F","Group G","Group H","Which team will win the FIFA Fair Play Trophy?
The FIFA Fair Play Trophy is given to the team with the best record of fair play. ","Which team will win the Most Entertaining Team award?
As voted for by a public opinion poll run by FIFA. ","Which team will be the first finalist?
5 points for any team that reaches the final.","Which team will be the second finalist?
5 points for any team that reaches the final.","Which country will be the 2022 FIFA World Cup Champions?","Email address"
"12/11/2022 16:28:37","Donovan","2279","Mbape","Lewondowski","Alisson","Jude Bellingham","Senegal, Netherlands","England, USA","Argentina, Mexico","France, Denmark","Spain, Germany","Belgium, Croatia","Brazil, Cameroon","Portugal, Uruguay","Japan","Brazil","Brazil","France","Germany",""
"14/11/2022 05:11:43","Anthony","2269","Karim Benzema","Vincius Junior","Alisson Becker","Jamal Musiala ","Ecuador, Netherlands","England, USA","Argentina, Mexico","France, Denmark","Spain, Germany","Belgium, Morocco","Brazil, Serbia","Portugal, Uruguay","Mexico","Ghana","Uruguay","Spain","Brazil",""
"15/11/2022 10:09:07","Selwyn","5589","Lionel Messi ","Lionel Messi ","Thibaut Courtois ","Pedri ","Senegal, Netherlands","England, Wales","Argentina, Poland","France, Denmark","Spain, Germany","Belgium, Croatia","Brazil, Serbia","Portugal, Uruguay","Denmark","Brazil","Brazil","France","Portugal",""
"16/11/2022 16:15:21","Donovan","2279","Vinicius Jr","Bernardo Silva","Alisson Becker","Jude Bellingham","Senegal, Netherlands","England, USA","Argentina, Poland","France, Denmark","Spain, Germany","Belgium, Croatia","Brazil, Cameroon","Portugal, Uruguay","Japan","Brazil","England","France","Brazil",""
"17/11/2022 15:33:31","Sonia","8934","Gabriel Jesus","Neymar","Diogo Costa","Vitinha","Senegal, Netherlands","England, IR Iran","Argentina, Poland","France, Denmark","Spain, Germany","Belgium, Croatia","Brazil, Serbia","Portugal, Uruguay","Denmark","Brazil","Brazil","France","Brazil",""
"19/11/2022 13:17:04","Sonia","8934","Gabriel Jesus","Joao Felix","Diogo Costa","Ansu Fati","Senegal, Netherlands","England, IR Iran","Argentina, Poland","France, Denmark","Spain, Germany","Belgium, Croatia","Brazil, Serbia","Portugal, Uruguay","Denmark","Brazil","Portugal","Brazil","Portugal",""
"19/11/2022 16:40:25","Martin","2648","Kylian Mbappé","Cristiano Ronaldo","Diogo Costa","Nuno Mendes","Ecuador, Netherlands","England, Wales","Argentina, Poland","France, Denmark","Spain, Germany","Belgium, Croatia","Brazil, Switzerland","Portugal, Ghana","Denmark","Brazil","Portugal","Argentina","Portugal",""
"20/11/2022 13:40:06","Paulo","6025","Mbappe","Neymar","Diogo Costa","Jude Bellingham","Ecuador, Netherlands","England, Wales","Argentina, Poland","France, Denmark","Spain, Germany","Belgium, Croatia","Brazil, Serbia","Portugal, Uruguay","Japan","Netherlands","Brazil","France","Brazil",""
"20/11/2022 14:34:41","Ago","7803","Kylian Mbappe","Lionel Messi","Emiliano Martinez","Gavi","Qatar, Netherlands","England, Wales","Argentina, Mexico","France, Denmark","Spain, Germany","Belgium, Croatia","Brazil, Cameroon","Portugal, Uruguay","Denmark","Spain","France","Argentina","Portugal",""